function,n,median_s,q1_s,q3_s,min_s,repeats
scatterplot,100,0.03487779200077057,0.03409960400313139,0.04575872898567468,0.03358920803293586,5
lineplot(ci),100,0.18578495807014406,0.16133039549458772,0.24803433346096426,0.15624166605994105,5
lineplot(no ci),100,0.07026474992744625,0.05669166648294777,0.07592795847449452,0.04592345794662833,5
histplot,100,0.061200583120808005,0.056175312492996454,0.07303787500131875,0.05358374980278313,5
kdeplot,100,0.04330741614103317,0.037275145994499326,0.04948712501209229,0.03297987510450184,5
boxplot,100,0.03479491686448455,0.029033312457613647,0.03725218749605119,0.024676375091075897,5
violinplot,100,0.053929833928123116,0.04913179203867912,0.07718881207983941,0.047996042063459754,5
barplot(bootstrap),100,0.06564191705547273,0.04810889589134604,0.08008352050092071,0.04022949980571866,5
barplot(sd),100,0.03659604210406542,0.03135014546569437,0.04008127097040415,0.029174041002988815,5
stripplot,100,0.07070875004865229,0.026426229509525,0.2317816874710843,0.020975542021915317,5
regplot,100,0.04862795793451369,0.04177335451822728,0.05443212506361306,0.04080604203045368,5
scatterplot,1000,0.05559825012460351,0.04658291698433459,0.0721438544569537,0.0437778749037534,5
lineplot(ci),1000,1.5468895419035107,1.495329896104522,1.7462859373772517,1.4886359591037035,5
lineplot(no ci),1000,0.0946636248845607,0.08361181244254112,0.15204454213380814,0.07572341593913734,5
histplot,1000,0.09886025008745492,0.07627114548813552,0.11188975046388805,0.05501887481659651,5
kdeplot,1000,0.05220154207199812,0.034371750545687973,0.10468677047174424,0.02308041718788445,5
boxplot,1000,0.027268916834145784,0.02252581249922514,0.04738070792518556,0.02025008318014443,5
violinplot,1000,0.04476795787923038,0.03573356196284294,0.17549214593600482,0.03216720814816654,5
barplot(bootstrap),1000,0.07156004197895527,0.06480616598855704,0.12926643737591803,0.061376540921628475,5
barplot(sd),1000,0.02740520820952952,0.021774687455035746,0.04131960344966501,0.016681124921888113,5
stripplot,1000,0.04499183292500675,0.03271404141560197,0.06297487486153841,0.030750832986086607,5
regplot,1000,0.14375650021247566,0.11027031252160668,0.19588314613793045,0.10803358303382993,5
scatterplot,10000,0.27214712486602366,0.2433600415242836,0.2984750624746084,0.23783341608941555,5
lineplot(ci),10000,1.8203719579614699,1.758766624960117,2.1377655420219526,1.7145044580101967,5
lineplot(no ci),10000,0.08623050013557076,0.07532424991950393,0.09870379162020981,0.06895837490446866,5
histplot,10000,0.18583075003698468,0.12268400040920824,0.3234104374423623,0.09360095881856978,5
kdeplot,10000,0.05205795797519386,0.04627660394180566,0.08706039539538324,0.04595816694200039,5
boxplot,10000,0.05479783401824534,0.042077979422174394,0.06365556246601045,0.039802624844014645,5
violinplot,10000,0.06201929203234613,0.051101895864121616,0.06473433354403824,0.04740741685964167,5
barplot(bootstrap),10000,0.13964075013063848,0.11727685446385294,0.17972995853051543,0.10842087492346764,5
barplot(sd),10000,0.03519912506453693,0.03274437505751848,0.047761895577423275,0.031011749990284443,5
stripplot,10000,0.05310100014321506,0.034366958076134324,0.07503762457054108,0.03010954102501273,5
regplot,10000,0.5214548341464251,0.4958842914784327,0.5499146251240745,0.4957626669202,5
scatterplot,100000,2.687275208067149,2.1251666874159127,3.6997210420668125,2.044234999921173,5
lineplot(ci),100000,2.4066042080521584,2.0065022710477933,2.78033870854415,1.9298612920101732,5
lineplot(no ci),100000,0.09543970902450383,0.08974004199262708,0.11862635449506342,0.0861900420859456,5
histplot,100000,0.21476312493905425,0.16699370800051838,0.21885397902224213,0.14424024987965822,5
kdeplot,100000,0.19777125003747642,0.13516031298786402,0.2799830415751785,0.12421633396297693,5
boxplot,100000,0.08835095795802772,0.0827489789808169,0.09478631243109703,0.08253058302216232,5
violinplot,100000,0.1161427500192076,0.10513539565727115,0.1459618960507214,0.09484475012868643,5
barplot(bootstrap),100000,0.6341765420511365,0.5549922086065635,0.7672688334714621,0.5173837500624359,5
barplot(sd),100000,0.07180695817805827,0.04318824992515147,0.08693264657631516,0.039331499952822924,5
stripplot,100000,0.0823104998562485,0.074702687561512,0.09196754149161279,0.06879095803014934,5
regplot,100000,6.51063874992542,5.907657874980941,7.59829160454683,5.416227125097066,5
