Gene,Module,C01,C02,C03,C04,C05,C06,C07,C08,C09,C10,C11,C12,T13,T14,T15,T16,T17,T18,T19,T20,T21,T22,T23,T24
GENE001,Module A,8.19,8.15,8.491,7.537,7.787,7.716,7.358,8.102,8.262,7.756,8.606,8.38,10.102,10.012,10.234,9.318,10.097,10.092,9.144,9.99,9.751,10.164,9.676,9.844
GENE002,Module A,10.177,9.689,10.279,9.998,10.237,9.831,10.474,10.282,9.968,10.292,10.544,10.756,11.21,12.193,12.026,11.802,11.437,12.342,11.335,12.066,12.36,11.2,11.719,11.316
GENE003,Module A,9.935,10.443,10.647,9.126,9.607,10.118,10.469,10.006,9.539,9.956,9.83,9.756,11.343,11.792,11.76,11.6,11.548,11.123,11.443,12.12,11.561,11.061,12.171,11.849
GENE004,Module A,8.078,7.26,7.05,6.655,7.764,8.262,6.906,6.976,7.473,6.902,7.126,7.095,9.111,9.472,9.043,9.402,8.867,9.166,8.179,8.455,9.353,8.798,9.267,9.251
GENE005,Module A,8.082,7.878,7.96,7.508,7.274,7.26,7.358,7.101,7.334,7.516,7.654,7.417,8.584,9.324,9.443,9.787,9.584,9.096,9.064,10.157,9.656,10.086,10.205,9.026
GENE006,Module A,7.363,7.392,7.433,7.426,7.29,7.279,6.608,7.143,6.91,7.259,7.022,7.456,9.337,9.132,9.135,9.046,8.83,8.943,8.811,9.164,9.015,9.241,8.477,9.364
GENE007,Module A,8.55,8.561,8.776,8.629,8.971,8.625,8.427,8.516,9.379,8.872,8.388,8.858,10.032,11.37,10.045,10.846,10.872,10.075,10.775,11.053,10.842,10.759,11.034,10.719
GENE008,Module A,8.05,7.865,8.169,7.539,8.233,7.714,7.48,8.062,8.593,8.301,7.71,8.195,9.534,9.666,9.752,8.789,9.793,9.304,9.437,9.126,9.109,9.339,10.046,10.382
GENE009,Module B,9.11,9.557,9.015,8.356,9.18,9.299,8.949,9.241,9.349,8.775,8.53,9.032,7.836,7.779,8.315,8.611,7.754,8.2,8.297,8.206,8.339,7.765,8.216,8.73
GENE010,Module B,5.55,4.981,5.472,5.734,5.377,5.004,5.846,4.729,5.43,5.223,4.752,5.717,4.168,3.562,4.27,3.856,3.268,3.753,4.134,4.283,4.095,4.047,4.217,3.945
GENE011,Module B,10.821,10.409,10.467,10.566,9.927,10.066,10.961,10.484,10.237,10.486,10.157,10.461,8.883,9.26,8.519,9.682,8.945,8.517,9.06,9.001,9.211,8.692,9.309,10.599
GENE012,Module B,7.344,7.99,7.731,7.932,7.131,7.395,8.039,7.84,8.509,7.573,7.925,9.021,6.349,6.294,6.641,6.638,6.993,6.707,6.353,6.74,7.711,7.164,5.542,6.599
GENE013,Module B,8.671,9.269,8.951,9.794,9.393,9.377,9.095,9.004,9.157,9.539,9.234,8.88,8.331,7.897,7.79,7.504,7.594,7.566,6.704,8.227,8.047,7.735,8.239,7.996
GENE014,Module B,7.944,6.805,7.702,8.008,8.439,8.531,8.365,7.331,6.916,8.023,7.806,8.18,6.545,6.683,5.995,6.774,6.417,6.735,6.779,6.548,6.722,6.59,6.899,6.796
GENE015,Module B,7.212,7.196,8.129,7.391,7.828,7.589,7.206,7.132,7.479,7.534,7.677,6.925,5.993,6.193,6.872,5.287,6.407,6.015,6.404,6.035,6.377,6.857,6.373,6.405
GENE016,Module B,8.844,8.395,8.912,8.611,8.37,8.679,8.604,8.996,8.678,8.483,9.277,9.09,8.003,7.738,7.451,7.327,7.383,7.874,7.539,6.902,7.479,6.928,7.561,7.013
GENE017,Background,8.731,9.284,9.205,8.572,9.536,10.102,8.644,9.965,8.962,9.039,9.165,8.659,9.756,9.434,8.936,9.126,8.63,9.098,9.611,8.551,9.062,9.295,9.656,9.777
GENE018,Background,7.513,7.4,7.876,7.551,7.572,8.128,8.372,7.803,7.619,7.925,6.941,7.689,7.272,8.652,7.984,7.753,7.618,6.69,7.981,8.348,7.405,7.97,7.985,7.077
GENE019,Background,8.145,8.313,7.862,7.746,8.086,7.155,7.808,8.193,7.274,8.168,7.604,6.938,7.729,7.382,7.899,7.302,8.191,7.475,7.913,7.533,7.642,8.248,7.857,7.613
GENE020,Background,8.528,9.493,9.322,8.898,9.126,8.617,8.623,8.698,9.17,9.147,8.73,9.324,9.342,9.098,9.444,8.914,8.983,9.218,9.015,9.346,8.527,9.599,8.716,8.963
GENE021,Background,6.143,6.935,7.204,7.123,7.028,6.072,6.382,6.509,6.321,7.144,6.768,6.685,6.89,6.314,6.331,6.342,6.894,6.831,6.926,7.126,6.152,6.47,6.754,6.155
GENE022,Background,5.516,6.134,6.169,6.159,5.746,5.644,6.16,5.579,5.864,6.259,5.581,5.484,5.725,5.968,5.921,5.791,5.951,5.089,5.385,5.794,5.357,5.192,5.245,5.361
GENE023,Background,8.521,8.183,8.686,9.271,8.533,9.102,8.708,8.145,8.49,8.2,8.9,8.131,9.122,8.824,7.784,8.906,9.214,8.276,8.987,7.873,8.693,7.928,8.785,7.877
GENE024,Background,5.941,7.153,7.909,6.756,7.326,7.038,6.865,7.24,7.651,6.5,7.22,7.132,6.424,7.64,7.774,6.613,7.689,7.017,6.929,7.596,7.085,7.123,7.601,7.509
GENE025,Background,5.477,4.559,4.491,5.57,4.749,5.179,4.69,5.046,4.608,5.772,4.712,5.071,5.044,5.602,4.552,5.106,5.036,5.331,5.308,4.934,5.215,4.97,5.307,5.078
GENE026,Background,6.517,6.768,6.924,7.685,6.582,6.902,7.364,5.948,6.082,6.303,6.733,7.755,6.935,7.262,6.69,5.793,5.853,7.186,6.853,6.26,7.226,6.163,7.233,7.359
GENE027,Background,6.993,6.855,7.636,6.86,7.643,6.821,7.622,7.336,7.125,6.94,7.394,6.542,7.188,7.14,7.57,6.797,7.984,7.174,6.843,7.853,7.964,7.223,6.942,7.305
GENE028,Background,5.934,6.085,6.834,6.367,6.268,6.349,6.187,6.547,6.562,6.062,6.252,7.176,6.379,6.136,7.03,6.214,5.771,6.48,5.85,6.011,6.341,6.159,5.905,5.99
GENE029,Background,5.524,6.228,5.473,5.532,6.577,5.54,6.357,6.288,5.7,5.194,5.943,6.03,6.148,5.79,6.243,6.317,5.34,6.333,5.831,5.535,5.634,6.512,6.155,5.046
GENE030,Background,8.088,7.999,7.985,7.85,7.472,8.4,7.679,7.907,7.814,7.764,8.352,8.208,7.785,7.677,7.867,8.442,8.105,8.148,7.924,7.952,8.142,7.318,8.7,7.74
GENE031,Background,9.119,9.881,9.435,9.363,9.113,8.721,9.42,9.824,8.986,9.891,8.895,9.052,9.548,9.346,9.622,9.049,8.933,8.599,8.864,8.915,8.775,9.469,9.08,8.551
GENE032,Background,8.644,7.316,7.148,8.146,8.116,7.19,7.061,7.25,8.102,7.526,7.327,7.639,8.132,7.094,7.497,7.097,8.519,8.378,8.031,7.597,7.914,6.809,7.761,7.116
GENE033,Background,6.355,6.603,6.745,7.114,7.165,6.99,6.507,7.155,6.836,7.357,6.518,5.779,6.694,7.745,7.072,6.807,7.238,7.086,7.069,6.679,6.915,6.965,6.628,6.437
GENE034,Background,8.633,8.965,8.836,8.775,8.779,9.611,8.681,8.994,9.36,8.599,8.683,8.995,9.253,8.703,8.723,8.614,8.095,9.025,8.476,7.89,8.52,7.887,8.176,8.586
GENE035,Background,8.709,9.506,8.49,9.184,9.302,9.663,9.448,9.172,9.111,9.056,9.535,8.817,9.288,9.042,9.176,8.975,9.934,8.817,9.181,9.191,9.324,9.261,9.25,9.473
GENE036,Background,6.953,7.559,7.061,7.648,7.082,7.171,7.531,8.114,7.786,7.674,8.116,7.177,6.718,7.386,7.444,8.049,8.411,7.023,8.546,8.181,7.891,7.703,8.526,7.588
GENE037,Background,8.633,8.878,8.275,9.011,8.779,8.955,8.967,8.399,9.349,8.417,9.178,8.185,8.971,8.495,8.84,8.562,7.95,8.377,8.85,9.073,8.235,7.973,8.474,8.739
GENE038,Background,9.317,9.247,9.911,9.957,9.867,9.195,9.601,9.493,8.999,9.923,9.606,9.377,10.137,9.876,9.913,10.05,9.858,9.064,9.415,9.972,9.263,9.585,9.729,10.147
GENE039,Background,8.215,8.055,7.621,8.061,7.906,7.63,8.238,7.893,7.393,8.201,7.593,7.932,7.085,7.687,7.316,7.305,6.93,8.551,7.634,7.789,8.137,7.645,7.899,7.15
GENE040,Background,6.862,6.618,6.984,6.856,6.229,6.043,6.377,7.078,6.953,6.944,5.975,5.707,6.533,6.649,6.541,6.924,6.714,6.308,6.43,6.839,6.811,6.752,7.688,6.676
